PLAYER_ID,PLAYING_TIME
0014c193005b425aaad55358686fb0dd1a4a0755,170.28283034419613
003af1e4636109b822c9acfa703cb517c46d89fc,162.4139442667861
0043ac96d4fde6fcfd5a841b8d902661e69a6009,276.6433748948842
0084c15ee1d82fb5b793e1ff130f46651dd13e17,189.40159480491252
00e99b6a19161174f9f6520a80783c70236d8403,520.8273518990356
00f2af912fbb0f299e177f6ff00fafed7bf79aa5,190.6573665502876
00fb2414b8f5bcdec5e0398176d9c76747645772,348.1027548989943
0110ddbbd4e67bbd0a355dd5561021b075920eb3,335.676513671875
01171c9c71028faf86b7447ec692000f50df9fac,222.37908935546875
016b7124144bdb5822af25b395629a805e22ec91,158.31486350139275
01aa9f48c9a636dfb01e4e66a4f3ce742f908e4a,132.67799664404936
01b9d70c4ec72b8a0f733bdf6bc47df596617dfd,198.93045043945312
020e1c97d88916739bc1c2276a6ef8e91447443f,231.55442881037618
023cd60cff806f62cfd885a9b18e6da8135e3272,224.03616333007812
0250bb29dfa83e5e2d855c2f18d826b57cde4191,393.434666418195
02608b1a3a44adacbae06ceb30accc9110a0e336,343.89578691461634
02704f6c055abbf858edfd3d220970ef99cb2212,433.1441650390625
0299c3256bc3f426c395bc950feecb5231525128,236.67913818359375
029a2a4091a3dadd2e8b2c9945c49172bc9a2d13,171.16227802624093
02bb069b777c03d0c54f558342343bebeed3b402,234.1565847258842
02f6027c5ee1a7694e5786b8a241cd162aeaefb9,270.0473937988281
031430dc518164c6d1cb405740f96f9385674ba0,491.44919032813647
037158ce34a79cee4dd9ddafd4c7b8ca90327429,523.2310144035305
039b39385faa43693cf102b50f9495344b15b285,410.8347296422399
03ac692fdfbfcfc804c4f741888f8b004dbbd896,172.8667768599198
041315d0596ffddb891dd84ae1bb692431921fe6,273.69849126732237
046aa119cf276cb291309b36e32ae78957fe3818,307.4209241168604
04919f19fd9c50566716c96ff5f0615b14ccfe3d,480.1106679203746
04994290f0133acc8b036b3d3bc14ceda5b0d012,474.94769287109375
04ab37677876a0a6cf841da7c735c8ec8288571a,65.29102325439453
04c55b806675c5b5cc0e9fa9b5bcfa1447ffdd43,113.53007507324219
04f9c2f30346853e09f3678562b61e8957eef0aa,569.0140186621366
04fff5fe242de0e6f076cf320985c8ef8643e589,102.89006796624686
050c1dab2befebe73b385a13ca7d7bca764b20ca,158.6342288084384
061aec6a5629bac2e9003c1b716a09127b313711,258.83170309653747
061eb45e0292790d19a0638e0bd4edb4dad2d319,456.5422337736878
064ce4262b457f4b6448a6ff9dafd8882ebfeebf,200.7720947265625
070186574f8d62fdcc376fcdf3ffedb4e0bc0180,508.790283203125
073c953adf860e87af6671245c3aba319b72e225,669.3374755350704
07bf5f8d6cfdbe80de149203c913ffd26de27de9,357.09885625777
07d42c9874819367bc84d03f3e101e85ab6dcb86,175.2072296142578
07fdf16fffcf71dcb7fb848addba74df1ee36048,240.02564837469907
083d603cf3249f2f57c04b16db50218beba3c152,215.39515197132954
08c5771a634d6ce1269b5e03de7c96ef0a856558,231.6430668363789
094118648e37affcef64cce8a305a82d1f51fcd2,363.30755615234375
0970a31949e9d9c0db5d90ee6eaee120529ad264,275.5656433105469
09bcad48d0185d5c1cd04957300dc4f876111017,301.18675960535927
09c4fd07f6de14adc4edeed0aacd4b55f3bbad50,312.19277488557736
0ad2e5cf1e052b219e6b8b806a56a9eb96cb29be,573.8681947154992
0b7ac2052237fe7518844407df4c965305fae3a9,310.8016317634328
0b7e91b73e8e3ce2c1aa8d74416e37aa24d45b60,97.59587860107422
0b8026eede08f8cfede660d778e8bb153749973d,111.65803654628643
0c049bc522425eab3482cc503f0c1f416be05b4f,293.8748474121094
0c4f445f2fdffde759e980128f97f1ff82acab07,295.5186767578125
0c51c48964727db5e319dc9e422da3e548ce0bc3,499.4367535234245
0c55d44ed69e8e022327a2e878343216c0b246c4,462.48780215987557
0c854267fca81a9357f55f8130a99f9ecf8813ed,275.041259765625
0ca329fc49d750ff089b64c0dcb78465bba6ca5e,256.70911001149324
0ccd75c2dec845fc1e7d183bebc9abab37c63d51,515.63507080078125
0cdc8c492978d2ef0285cdf8f5236684314a12cd,616.1329845654423
0d3fd6094040544c67274fea9f50251c00e03b27,268.46697998046875
0dc1d0b79956f3ad4cb3e30433d4a41f0fba2368,272.8993225097656
0dcbca4048ffd0585754a1552531af9861cd28e8,147.88919067382812
0dd87d3394b8e4828b192487a4d747744bc39cf4,386.23142270995174
0dfad3e2465c27c7a01b172df43e96a9343bc877,123.52696640946533
0e83bafabb77ec13c356db364be8cea1d55afcfe,144.8511962890625
0f061b9439845159c394a71e55d635b10ca25656,202.7212371826172
0f46bb1ed363d593af42cfddbe027922aff10780,357.0486637558516
0fa22d499a0f8fcd14dd29eefc42c0c1baf25ef5,192.42709202883083
0fea51e726b4331c7feee982dbfccf81ecd13b45,262.87921142578125
102be786b501ac586b0919515e7707ff61c84bf4,57.82616424560547
1039ef0b36a4d7d4c2e9b7b6c2084b3cf99c11dc,187.33685302734375
1080594ff37daba6840bed3cee5a87435bf7aaf3,326.2960510253906
10a4db5c6bf3b4f13c48ad7b40019d5b072331ff,220.6504505694341
10b63e5c9a5dcc616d43ed60a0888eb869f5daad,694.57763671875
10fedf67aa649b50c9974dd8fdfef7a128e5adc3,340.09588623046875
112e9c31b28d12e1a7d852612ee49697bac8d49c,359.4367370605469
1135f07053712b4212356258dd930c6e57fd16a5,228.89227294921875
11414d3c42573a52b9032d1287494a78a912c4af,100.30941772460938
11416d11059c8d9746e5810a0b83471293d2bfef,601.72186279296875
116aec26be3439b07bbd475b06f5aaee96216044,309.7230224609375
116bf451ad3ada01098811683426047231cca18e,210.47547912597656
1197ad8826628a3b6a30dce1a669fec173342b7b,218.9261022696492
12028005df07089e40044426d9183bdc4e87f5f7,231.9694366455078
121048ecdf300d2ec18b79f9632d2e0e4ecb925e,280.2338134719272
12247d6cbcc4925adc0c67a04fff4b9991171894,599.6478271484375
1283c202465a158258273e47609c0946ab2380b3,173.9675506064132
128f3d8f2092540735e1a741529518b8058d4758,185.51419067382812
12dd288e43abf7690d8993f47d2bed8a024c8fef,264.42974853515625
12e59434ed7f6c49c05adeda47362f7eeed1ee2c,354.2269592285156
134c7f74c7e9969b2974a197fd1401fafe07f254,237.7709197998047
13a359b8104dd860f6ef78ad52a2bf0a1fedf75c,170.8971191095594
13b9befb143cf1eb672fcc25df09efe896c18ad4,247.56715393066406
13f1ea44ff2b7094942812a905745c719e209b0b,304.59483795911456
1470b9d18de9aca99a1d42b2ab8f32baec7ecd3c,221.89138793945312
148f176b02dce29b83edb4320503dc4d23955f9c,709.2960205078125
14d00d163975511bef53cfad9a0e9396965618fb,622.63201904296875
1500346001a2e1cfe45d8e51dd60c4c17e77dcfe,497.631951956378
151e3a419b9084ed3fb6d18a9d95bea2897dd4d6,524.3016357421875
153b10980f9eca97fe1b1246e7b424449c1aae67,148.99538246369664
155168f6c29c329f20d476d9f6181bf8ee1e335b,183.13580322265625
1555357c4809b66ac35fa0096f378680a822b65e,264.1713821715929
15608e4490fbf0ac84909c6cb0e8a7f599aef167,122.27721405029297
159571b5ad5a2db21a7b7002665046923b3b6e82,144.43971252441406
15c031ae969e2fad5ae5d52bf2ef2c357da8e78e,212.16758728027344
165fd9b7358e92833b4563e3588f3aa3076f823c,224.6827392578125
172d3d7aaddec54f454d934151380634c1d654fb,171.1761932373047
17922e663e4a55711428dc4599e10d8bf78f1748,184.99549865722656
18396fcf5f98aac97ec6127f7924868d3ef7bd9e,1189.209548689907
183c175964b224bf2c8168b04c2a313adb7f089c,231.3927058493898
1840dc0b0ec72496c4a26e81eb131e1d117a3b3e,262.495287303153
1846d3ee1ac661616b677348a8a7a7aa7639b5e8,337.27991046587084
18c74a28b8a5783fa44148b2a8e2eca079e97f80,168.25407537990841
18c836a2aa6ac974abb7ae88b69d463f6ae44fca,361.7454304761144
19048804f1bc12046bf0b1466ee08a425ec35d49,192.27967834472656
193490e2a59b813602a40b72510dfc4da0f67743,187.8266331658827
19a16a0f9bad918752029086cbc39e8d625d9514,259.32958984375
19a9cdf36a658385d6e860ca2237745d7b20e25e,332.0371707597094
19c4182f72e996e7f55493ca7cca258f713f50b9,70.15565490722656
19f683ce76088d78377da48963e1c90cbac9ffaa,228.9471372501714
1a235d57e26b0ed8dfee64621fb6775bca2a7eda,284.80248495327254
1a35380236861a3e9242fc1790692a52ca977c92,234.3725232584952
1a95b47efce4ba20485a5a9244ca1fb6716378c0,434.7239990234375
1aa97033b20b51d4e32c2c8fcdbad5007a17f112,180.78619212574569
1adb7834fe67fe8546a7ac8149062686252089f9,390.2535400390625
1b54a2e894a34ca35ca4a39fe9da17087c7d42ed,231.59231550469585
1b6e325206b56276bc690f3f7397aa8e4cfa7507,261.97148558935294
1babe9b1e25a09ee72a0bdb0c329750abd43c950,191.36907958984375
1bae958c3003100a62896444235627a7ab5a75e2,382.1756917050054
1bc64519078a3434601881336c2c21fbad974c1d,232.99085998535156
1bc75725f067aa7ab03a8352212c8e5fd4351038,338.660888671875
1c3af27dc3d3052f28798b634f1d0c21c5a5b909,308.8970849270204
1ce31d2c34c99066c4e1f9f1b1628adc562487fe,235.1422369436792
1ceead9f26f4ecdc74ef8e8e5adce55797d2d824,296.39626475339367
1d392fe0b1ce6c5acf9617caffaf58cbd4848115,132.2703094482422
1d3d89fdc9b6fdf610be289823dd2fdddcb44a71,265.5223715722991
1d740c776101050cefeca93cd8dda4e6b9e7cbc2,172.0211944580078
1d76dbe6de87ff39a60a699f6c0523e8b3234f26,177.3157958984375
1dd81477d26cc96cf04cbe21ee082afdfb452b47,195.39818599429273
1df963b3d540d35badcbf3958f021f4c840da4c5,81.74231719970703
1eaf53ecde913f50c781de846d6777a1880f74d0,249.60601806640625
1eb669cced8461ecdf53da0ff3eb4bcb04ae1a3f,309.37572582033215
1ebae1b84a40ad0df0cee1c8d59b9b8fe31dac37,298.0923278686712
1fa87945c3ee6516a00ae1d7003df4789de36661,522.58441162109375
1fb28f21cef40755e2a212961ff20f84a625c889,34.571067810058594
1fc56dde27923c1f2c972c36262ed88a376f0c72,174.5093231201172
1ff4dd49bd3453db6bf302add09243dac7c06525,171.87482892961788
200752ade9aeafc8196081e0cd27228be4df21fc,362.83514404296875
20880521c2c15f79ab9728bd4e144add7bbedfd4,607.3251953125
209657ed5b928d363055f7c8edf1b64b804e996d,202.11907028764867
20c0d7fd0fb4221c2aeb59118b16753e1f723b09,88.27213372542543
210e8eb72fd863044b7e911862dfe01a35d6f18f,217.3807830810547
2118e015319a79ccd323497bfc0eb78439491367,176.68605831000764
211afb16159815485e4edaf53f202f30d68d217b,298.5681285550091
216e03600af9acd2e1f85303beb31366bdd05c4f,310.5163532029076
218a22db54e7c29631bd7bbb8179c292e08d073e,311.1105041503906
21987e464792266c79337d09279c93213ea499ab,252.83180236816406
2218a9b7c80545dbbf19207aa0a7ae665d871997,65.632720947265625
227278769ed44d180d373e42bce38bc84d374030,275.7362365722656
22804a13acbb1a4045016bb6efcfdc4ea92a0483,564.8465576171875
228730d290ac32adc634c863565498ba3e65315c,78.341522216796875
22b369938f5234b6b5e821501aefe3e53de07b81,366.8255310058594
22cc2eb3ece81074e6dbd5efe2dbd5d10afb5840,189.09330770561797
22e048efcadabdbb2f9150cd00d9bb7d08c4eab9,179.34649658203125
2363320c6a71e72c7fe03707ee17003cde293670,265.7597351074219
238fe9ce798e7a9cae523d2506857333ac10f7bb,152.82944048878113
24267dad266a032536486b2b6995824c979bfb51,118.0442886352539
248107deaa8a879b2d8c74da6442181c3612f51f,64.85741424560547
24c75fe780af78a4acf2ab07e13e571b30101251,477.7344970703125
24fa12505cdc29d6c15f5e6c08e00f1c42e4373f,399.24693663797837
252261d8a50cbdec92f59e33a2fa709dff5ccb32,575.8712131070677
25561edff0b8cb2a606946dbd30d011b1edcd4ff,287.53506856897496
2592df55723601efd9d98374e329ce7402b3de99,145.21433883214704
25a0a4ca22cbf1a928e8d251085e8c85b9a76da8,179.20944213867188
25b8003df2b0100006c7aea0b8729e07bb9d5a5d,339.3681640625
25d33c0c5b34873586398df7c225e4ca44ad31fe,55.237098693847656
25d492f82219a3acdde6d8b08201ba02ba3ff3a6,257.79878904615066
2622dac5f67183f0c4a5b57e73549123f201cd74,163.57567106004788
263f19273c6c4c12eceadb8824228fe1eac5e8a4,108.86181640625
264420f7804884c990caebcf743ee98c87d86349,195.24842834472656
26b016cf8e8536053cd109aa8e1502db6d46478f,253.645491194937
26ccf96ef1de6d8676bf3267651ecfeae0fb9493,319.38270282249744
273daa96a89fc728c0e22f2528de781e70ddc898,169.0155029296875
27649f3623a0bd504a07741df2773cc253ce7c61,287.923353068597
27653562f25fddfedbb6862c6f7f775e3aee8729,225.17489624023438
27c6fba076399f5a9ed7d239040f8a5278e0b538,147.4786834716797
28769a4318dde26fa5646e2c529e945efba8ce5a,63.85545857747396
2876d7ae8d3417853e218ecad2bbb6677dec3114,408.4302978515625
28d785b51aca593d63f830f13cce15694dccc1fa,165.9483184814453
2923b2767d40064620b34fd192dd7af293143844,194.0860737227978
299fad2dab8ccb8d87162771763c53888f449641,220.10491943359375
29be0196e90ec2730c66e14d9db7f44d9dc832a7,63.953853607177734
29df9634e71f12ec4754b370e647db4bdfedd12b,594.4899224524287
2a706d34fdf633398c1bacfea10d942de9e2c9db,117.14045715332031
2acf5e9ceb8ce9a5cadb881644fbbad57a194b3f,664.14837646484375
2aed313649b643ed7472d3288d52df873c27722f,151.49646967860372
2b62a9e809d4cb29e0c7ade6c1ba064b6a2c7443,387.1424255371094
2b8fb4c53c71dae6d2e2a528bd24a875942f0553,338.1236458025108
2c06050c5104e14ea16b448cdb68c98c6fdb6022,256.07672119140625
2c0e9779db5f773f85515826ebeba69f38b7c6ec,128.8711395263672
2cfe0e74d121786e16b71dee10c362c40c23c337,335.2754885748297
2d310aed9922aa4d8f64f102c753024d34182882,171.62185668945312
2d5dea952171a05e9b9f20a9fb02c97a1155e6b0,204.09085046395327
2d7a24e3c952e59b1e215ea9963fa645df14ba41,305.84394078713854
2dc4d0bb674f68789281dab8a4b3a0148cea088f,202.81187298158017
2e2f82f44014444369b40a5d707da242edadfbf1,76.74935150146484
2e5bb21caecc3ffa164afea25298d3ea1c44c347,370.9744873046875
2e68dc279251e6c847a8c8d7e1a3076cbd1cc93a,219.65487670898438
2eb51c2ed0a7a9c7e4c8bd01bab20e9bd2fdbf06,545.9888688769406
2ec07fb059e7ea1c4383c012e2eb2aa3043bdd9c,219.56829833984375
2f1d4ce7cc99807afd0887a8c9726ae646c6ed1a,98.44012451171875
2f4d15f54d90d74da63a1cb72e6dcad1ce2e01fa,399.7536171984367
2f66aa2df3bb3f2142419b813e1a63055b25bbd3,289.3043518066406
2f7fd76e945aaedd0d86916e6e0aa0396954cd82,578.405604280525
2fb16aa71c808667f5df7df8817b2578b60420a4,502.37394865032195
2fef9b7f0623a9980280e266b740988f83855acf,136.0308837890625
3009ab35873ae4b9a5a1022926464083423c02a5,376.6234033220359
305b67fad711a094722b604fb6edbc5c1f4a13e7,340.67516728777406
309a1f01f20d5291c0ecd0a7cdfa6c248ea61dcf,105.21199035644531
30a5c4c806d84a9c2cae48ba4750c9ab81a676d0,196.31918334960938
3103eeddc91e18c223c7ef4d3c12f29cd6e5bdd8,190.83403414583032
31124d5ebc4f33645d00953e45c18e4dbf79294f,601.2150205583405
31204399ff9843bb19cb9750c36260dacd0ad3e3,563.6524253325506
317b8adeeb12274671964b67dd3bdaf398a776f7,231.64175415039062
31ef0f4e5590e1a0197608885de3727a600d250e,256.8972473144531
3208487e36582aa22a103583d2ac63c766aca1a4,196.60235595703125
32603421aea266b74d441ebfe6f97a7cf4c4670a,274.82354736328125
32e156a46073e01cc070b292a84003e40760c009,141.86695170759202
334ce413bd7e427449bd6118ebd6d8506e2c633e,185.07728576660156
3357488d4771f0c815e0d61df19e152f9e389a03,384.09600830078125
337ceb78dd62b5bce81b7b7f34439574484da2ef,341.4450918340516
3393e95db74ffee588b4461617fe3c57477cbe79,307.4552307128906
33cb9dad28fb00c8167227482cf11a9cb74e23ef,151.87416076660156
33d6d01286ab9b0c598290b753236b9454c28cd4,208.9718780517578
33f50b682fed41f36da8147ac43882043bed55b7,173.7338104248047
34190fba310a52459744c4574d93853243ee9eca,363.7117614746094
34294c5b512043e6f7ad920382ed06035f0982b8,564.06011962890625
34505025fb4406cbedcee444836fa9324d7ee574,689.3173828125
34cf2ac6c998b697876cca89e2067537fbc085b2,151.57533264160156
34db29c6c5dba776c3229d6fd6421da5634440a6,37.571102142333984
35240b17b7471a740d303cfb02577babccffc8e7,569.03570556640625
35356970180d7c585b23f342d80e3231418a86ce,489.49102209666097
353dd0a803b3ecbe1771f4531f67d28ef10e8604,507.4178589282324
355c86965a10a2e036f29b00eac8dc7ab0637c15,396.54529731560774
356907afc7d8f8f995d40a6cce9e494dc34ecfd4,290.4823016581385
35941e56cf0ad1cf4d0ad279953b6f73b523f8cb,369.28037505550446
35977534b4c84824da88911ef0d1bfb5a4cd371a,145.76487658703277
35a9a6f4775002cac4941a15b11af3640b2a3291,461.9589538574219
35ac892926cc593e5859e2dc743c776562ca312f,130.1363525390625
35dba25a879c2664e6573a99adc5c180b11e574c,137.7055206298828
35e22d85a8a64b75bd6dc3b819c33e5064b1be93,162.54839584226931
35ee61646c04b642d8fb2cb054de9abe544e9341,242.7989044189453
365f6657aadcb1a12e98f1bcd8c39a8772715437,236.03900146484375
367508fc60faed765f5f0d219059f9171ef18067,321.85089111328125
369cbabc57e48432e228701fce080636f3e25cf4,74.91895294189453
36e1a52f5c160d45c342f6d586a5f9e72901db76,334.97100830078125
37081ad2fd7d7c7728ee4fa0ca279161dbb7d9d7,275.0843811035156
3791ba74aa33cea6ebb3f70277d0c6089188d87b,615.0406215618127
37ab844291002536a60b6aa57cbbed2c7f132b2e,206.82230697165286
37bfaeb9268f9389dfa6157b48b8c7b1a3e2b170,464.2440808835718
37fdd1d6ca7e624d26b401cae064fcba21a8d80d,155.87637329101562
383e94bde2444fafd3a346803843c1f1319e5149,562.607115394686
384fa0cceb5a2708535d0ab6a69307779176a6cf,118.5394058227539
3878f9fde721057d67ea77e33b2ddf1048c63a37,297.93328857421875
38891f76ea6a9c14cd3bf34a61849fc0c59fa9e0,452.66162109375
38baed314b29d36496058f04abb8f92c375ce168,226.6013141307751
39557a0c1efb5d8ed93d8055a6acd74c822ffc4e,667.33489990234375
395c6eaaa416e00733a3f7d1136810095409b2eb,277.1663818359375
3970d8b854a033109601fc179283d41f55961c2e,159.05271911621094
39e4ec390ba39c0df8140bece8ee601f966b1453,411.29052734375
3a0069aa7adaee13eac04b432235b9a1364cbf42,457.0933532714844
3a4a2059eda2a9c1518d5404384519ea6343991f,217.4313463176106
3a6d9db292d4f6c2f2eba69805e41a4a9fc943c7,94.26512145996094
3ae724ecfe223e7e9201014053f8fe62a3e9fc1c,598.69781494140625
3ae876324a3432f10debb6edc8a6a24f232fe021,449.23052798788837
3af6bd02e5b64be84236cf5a8f25950a26a2848d,165.61346088703783
3b5927cc7815c40a1062a5ce600b3306d13e0d31,190.5010528564453
3b88513658b5b9efca074078f20b2932ad1541f9,133.16983032226562
3b8a3d1f027410d3ff7ec543ed891d29e66af4ab,297.7532060904854
3b954f244f113c33edfbf5b8116bcfc18fdbff71,243.18578621103572
3bcd91bdf3c41a284bc3690c01c3f23467f1742e,194.19412265356738
3bd724585dcf970b69bcd69403b8d1298f88a419,610.76605224609375
3be1745fd89859fee2e422cf05bb127a68f5cf00,290.72067299085404
3c7660be5e64c9406cfbc783d943d39ebfd06b1b,324.4162902832031
3c8235024a0e3e3f1dcfef16080eaaf2cffc887b,503.7875671386719
3cdfba46718f763c6a8838a9ef9856759b25841f,436.45510359104554
3d23508828119cb2cf632c8294e2a42318c11bf0,489.4863586425781
3d65b1ac983ce90ff1f21f56b627883affc7dad1,279.23431396484375
3dc47c31ad66fedb5e95d32f9d7e962747662815,597.93585205078125
3dcd5ed07a3850c11605988071a327a5685938a2,168.0137009867299
3dd84f5d3a88f824b5a023b724a5585fbf32ba9c,612.8845473358645
3f2fd1f456f8f24d1afe5692d39ebabb1fbaa0b0,304.085693359375
3faa4e4fae31dccec5c3d3d612a6d16b19e44ff8,246.74954710771036
3fb2a9e597adae69e240263841a8d5ae41687292,93.04625447591145
3fbcc798622c02b8961bcf6881d1cbf566ba39e4,199.51443235844386
3ffca17a704b2bdd7b912cacb3c528f5a627fbad,124.17127227783203
401e7703c0eb224fb61797e3bdfca6b4b93c455d,371.88009524111754
4053bbbab048ebc89275501cf19493c8b2912ce6,147.39633178710938
4067352dd7de59eec33385ed2ad228ab65f2f6f9,79.46563000967909
40a522d51351c9d684b2ce31c3b594204f79ea8f,319.98150929815415
41926588df39fdf6f7b176316ee2afc9db363844,680.0111083984375
41afbb8823e64401a71aaf7b194f53a9a9b0dee8,425.3148193359375
42a91743f84132f1bc7884c2a507c1eb66239a1e,369.4451599121094
42baade93e7827481581ac72a2bf685095bbbb75,287.16654493424676
4309497a3f679e8526611272475dea40696ac6b9,123.78792317708333
4316daf1b387c166258117f89389ee7e5888d74f,175.5669403076172
433033275abc78034d1bef3dd7b4e42a05962ee4,144.73851422977026
435f6167de485e517d74029d9cdae4a2049ad97e,471.89702710309734
436e222f0e3205837a6a232f9810fae9d2bc1d0a,310.57470510459837
43cb873d92f0918ee5fe6cb1e6be8a4f48a2090c,119.90457732110127
43e789a2c98c9229310d406b78f236ea838d0ae6,343.88219038374854
43f3db5bca4b3384d9100cf4752feaff3b4d8848,177.54745483398438
4422d2361b7cf28417a13aee66cf91d6f0a4a87a,92.88515847924482
44252a2cea921ad8a5c77366b3f681a57c258a4a,276.6958312988281
442fb3a041b8964ed540db3d3dae42bb53126abf,138.4201552929215
4465c3d96e03493e5f721991f34e897f7987d8c9,489.3676960249083
45be69e7dbc2d4b228aeb07ec08590cfdc6ff091,184.3704071044922
45cd5ba215dafce9685a08b0864405b66d9c03dc,423.39180078000635
4624f24cd9ff75f49ed23c84b4f855ff2beb2ba2,250.36249191395197
46571913dbc31676e98be5ad4db1f9d974f040a6,558.1043195175218
465d7544b40a77026e92ce7fee2414f25e4ae460,422.96949254079533
46c7ce33e78264b2373438ed1f49a64c12d4e273,247.86719668932074
48d72c4d9f603b080bd0cc77ee6a1eadbf3a6b93,178.3009033203125
492de788f10fbc34b985c762184850aed9acc2bc,222.6240997314453
4a1b56a89821e61940d740d12c64a5de44e55f41,142.00741577148438
4a8da77e3ea10b8b42f0859ac49610a3cfd6bb01,382.40460205078125
4aeb996405613d45c184bc323f0fa562b0df0027,144.58908081054688
4aee9fdae0b2902c401daf9b33bb9199c68afc60,127.93126054325796
4b180cf315532f6245d8bb08038a36261a6d5885,272.2913452829135
4b28c0a343bdcb5f79b9ae6c014273f665723a34,559.8955801410639
4b2e927b4779f66757c59a57a2e4ccad0f4e54f2,162.42320251464844
4b741cd08d43d5689304eb372773dd4783667db6,125.5257873908681
4b942210bb0f202df142e6c94390b855342bf89a,158.60049438476562
4be0e45ba7969bcad788c1410dec531270067842,443.3367919921875
4c0a6c143683bdb46a4d0e54c12d92d04837b094,74.77135467529297
4cb747052eb96c4a0a1fa95bf4accdb22da837d5,281.40509033203125
4d1298183510acbfd0087ccacf726abe77fc6e4b,500.6979675292969
4d1e308f38691ef7021a09d0d25e7b2be1e949c1,532.30511474609375
4d51bd8495cf76a9e4bf42cd3d27b9901a5563ef,266.9136657714844
4d6127941ac5ecd5c14f8f666dad7d62723ddfe4,452.1479664000412
4d7401674f98609d7ca85e20fa15ea13b68033c1,156.9879608154297
4db40d43d3837e7374794f2b575170a649ccd79d,165.5465599989679
4dbbac91141b88b6314078302fb155fb4021b09f,67.38666534423828
4e0c1441681c0d6101c1c667a98eca93705f6bed,201.62130737304688
4e526f46cb16f0f62612ed17c88433d1c9b0b1c2,291.69368282571673
4e5fb2c29850b50ffaa5ff7ade7780e43a916007,146.3974229577837
4e93224fdadea827bd06c9bc727dfe85eb2e9236,106.62925344508014
4f6c643961e8df8f6d76d136b13ba2674b158140,113.95536649912503
4fbf9ffac9fb0ef6c75292f040d9c867b6509522,227.7946319580078
5038a2ee954c9921b38840df1fbbc26813ecd822,148.30384723949751
504abe1db26bb46fb46ea7cff9ed18221feb6798,250.6500244140625
508fdc457b08886c9e7fc71c366a785a26a70fc2,236.2445525690211
50e99f6d711f91de991d3083da5e92d455604eee,188.6518810730265
5130760a30dea638058efc0626c8e92c0370334a,235.2270050048828
5135f5f58de005ee87fe5d4d6cd07d12b6814d45,283.0923156738281
514eeb6e6c17085fc1adabf03f1adca32318411f,696.2293915071399
517c83ac8f1549d395c3ba12562cfdc4f0db688b,325.65368746914703
518bf6df27af8bd8564af654262b56d28a34bfd4,267.1003112792969
51ed749ff2ec6535d1a2f5e1cf8f0755c7947076,273.4181823730469
522732ffbe0234d4237e4d269207edd5bf0ee5bd,127.18686067298907
523ecd5a15ce05328b032e40c14e996ef9f1fcd2,392.0822990311964
52ac31111dbf3a9e6436c1e015d4b4f1f1e87498,309.2583923339844
53030702dafbc98380b87618a6786a1c0278912c,437.176432528806
530c3fde9670ccb834e877036422f072cffadb3d,103.02238464355469
53216214e594f707b528a229d41523492f301ebf,143.59255981445312
5355c083d8ca64985bd4970d9f2c471bc6a78b5a,187.20973205566406
5380254a90e93dae0e3671bab6fbc60933b14b7a,276.4407591398514
539ba9ce9c572ce6d0a4352db7211b5286e3be05,214.3799285888672
53a6f179986e50fc6b1a20a75a94ba892239de43,315.50710978644435
53dfe414229803162d14787d30fbf47a1b5e46ea,470.07427583108444
5480ec69eee0fcc62fe90dd57f8945867b4d1a8a,175.07278442382812
550f85b6d95890392ee22d2d9e9b75d876cecf86,593.1883678353169
558693b14d63414c1b4c3263f131b0be7dee9682,145.34063720703125
55aecc6628fcfb6fc7afb0c8d5c2c135e66058b1,150.84480411352828
55bd3201fa7465188c2c70169f2e9407efe89cba,420.99732928399817
55f30cd0ce515fedba14818ddd0858bb77e32d3b,558.38525390625
55f5996485e6a1faa6663ac69374953aaba0e5eb,581.8880615234375
561032e5f44b2d53d2620fc2cc67458b53c5c2bc,124.12903594970703
5681b7657ff7c609cb34127a516ba274b1616a81,595.33843994140625
5695f0a3a684e4339cbfd6756eb24afe5df4ce12,589.1151018231532
56a848a24f3596acc04a37fc1fe6031c115f9e39,459.554787198497
56ab7b53d0c7dfb20d51179b198940b03b15b3ca,166.64227294921875
56edfc0a0cb6da94f5f2faa2aba4a13fe8c23550,269.21044921875
5723b8ea1f97a07a6afb874195c38c70005e989b,625.2514411816089
576d0a1a0612c27c99ac48d045a7b142c612def8,282.46239425812286
57ed72fa5129e91aaf45fc261c297eb2ee3c6168,295.5908508300781
582621ee977358425c653bf118ddddd18b77242f,198.57390819872506
58a09d2fd50dcb07e52d71bf16a2169077f52f4b,308.6369043967789
58b9fee780d57f9991464d4c9e1b9b9d5f5bb791,553.51658493511
58bd390684a1b46fc0f2df6e75a8c563593e307e,583.1549412165847
59325b5a99a00fe5e8007788406d758c34051e9f,201.96673838789468
59b66e3b6a9f56d39c1e20ec6830afcb3dc48e7b,99.5445785522461
59e1bd0a1e1f7b7c1ef501721434b82efdcbfcfe,109.95557403550647
5a3e52aaa72d33484ffed076c098db72e7b89b43,427.641777689448
5a59c785f420f8d4d21aca01c648f20237e26865,241.9623260498047
5a7b74f3fe9a042847ad03a0d45702dae2dac133,373.4692687988281
5aabc59aa827d6a154a25d76bb30e9a4d658ac4a,191.83180236816406
5b1ac9a19d0b1dbc0ab174aeb665fc68f4a7012d,296.59733322407413
5b2e83685fd90d0eb20c95dffa0a6946d348aeae,102.70201873779297
5b3c1b2b32ed07df86397c80422c56c65d064ec9,180.61459350585938
5b6b35fcf313a1e12256b4632795a01cd832bd2c,344.8629063382358
5b740a56489fb4d760c0586db33f0db04c04631b,396.6557922363281
5bf0b3dc96dfddcdc76c0ac6ed4f29ab7407c3dc,620.6571044921875
5c01b2966a87154f53b9718c8aa32e8c8ec8c436,457.44659423828125
5c473a89276efe87cf2f62aa3b211f7253c11ee6,98.27027236137252
5c510f4d67fc4cb4eceed1dff895cdcda5e74d4e,223.05491434275336
5c52d4f9e23ee8dcfa0954d52da4e198f16085b3,102.86813354492188
5cc6c32171332ff0d9e394ee52679548afd7c65a,220.67067689719832
5cf3c4deae2d997263abe44f58c1828845fb504d,241.22984313964844
5cfc5b2e57541cef91d8a828f09574e9824a2f30,503.0386047363281
5d2e13d8d4d49d2c4fc5659325decd8161066663,533.541302100545
5d7f81cbee45d8cfca23e7c372cbe0d94c5fd4e7,448.67725737690944
5e2471543554c6e6c724baab37d616f6d11d57e9,514.0480901867163
5eb57ef29a7d2551535638fdbdf7cab4d5919b3c,592.4868686429747
5f4de44606c93f7d27570c7867fd0593c779230d,221.99874141145483
5f55cd7118d3da57163ced0872286209bd40fcd2,287.8825988769531
5f6d629aa4a729e4869fa88140a9abf4b616b444,404.92633056640625
5f745e71f935fbba858a1ca04749e6b00f9b4c84,95.11633190020889
5ff4ced80a4fae6654ff7b423fd5ba48fa094023,165.01275634765625
60308e9289e878691298865736811bd8d58c78fa,313.77307252629384
60499f6abf89f78970429623c747aac5add3519c,122.00501251220703
605b2ec4efc3dfcc28ceef454bf76c5d7a33bfd9,417.7374250215408
60d2bfeff46813f4c3274c522d417b776aef453d,298.8370204579554
612acb850adeba8fa12e2e4dbedfba6ad99fb19f,253.3620472700936
61aba2e07f09ebd0e728f4c24c33e512d1ff1452,199.29810641618553
61b7002e5c8fd8c4c368c834db8ae4dd5c785ede,319.67694091796875
61f0abb6b23aa376a435e7c24ea262b8ef4fbe53,433.983154296875
626a2b1275b2b44ff9d7e4713fa11c7379d03f60,566.5965443093369
62eb5667ed84a45a7f88df769656fa1fd20f3910,317.0226745605469
62f390657175b0afc42fade8260485ae5e5fda50,229.1111602783203
62f6b5a378b3942033895e0bf88ee72a566794b7,398.8097215058532
63010ddee8efefb0c8495979427b6b7b4f66b148,149.62095642089844
63052b59c22ff4589f975df84665dab7fe136ef2,106.8648452758789
63227b0144020db4a3270d811696c76c51f4ad91,108.54145812988281
6349b9a0890e67faa08934aa4a5e516352453722,260.0528259277344
6362c15e784c4a3ddc1f284873cb6c3d67237349,241.97630102894848
636e7ed10c3803e3303a441c05c8ba6721778e3c,271.63946533203125
637aa60cb3c5b707c57db84190273c2359f36bb7,518.0272022684121
638fe76b18bac2774f3650b9516324f014c4ca4c,242.36778446722118
63e643214fd5235430aac8531d5ff8efdd7ec28b,472.94259702077846
6475ed1418a5225c0f402359baf82d3cf8baefaf,278.4991455078125
64893d74bbfe9801198bca87c19e4c084b3e7fcb,463.2101907340868
651e83e10223cd815b67ad888008955753378194,274.4073791503906
6559861be08df170bd9870e04da13bf3e3b324de,237.46365356445312
65650865231fe4b5109842633b6b3889d78251b5,673.4183441258119
659fdb3f91f577b99298e2643a3aa1b1e250ddb1,476.5313415527344
65e09ff2b114c59c2432364ebe0985de430034b7,230.5923274594168
6687f3c21a171b932039f51cb14f1a7306a4b6a3,376.2948351816127
6694f746d8beb752b45b675ecad73e051cb1dd66,498.24346923828125
66f52416a372e06cd2f186a118cbcb8c0def899f,363.1889343261719
66ff81e5acc5fad8a39604b55a6dace7a4322618,98.46063995361328
6703c9c8fdcff642e98e219b8e54b3bc1f3f11d4,357.8383483886719
674d8bf718327b8290f85890e3db039ea758349c,517.5895907670375
67594f978c407d20d7869d35fd2b2bc172b958ab,197.6220132867448
6772422e813047d9619db583793aed488a8785d5,197.18448372147756
67f1f58459a3eac623952b8dda017a102fa7bb83,237.7477569580078
68905fe6a5ad781722cb9592664b7bd3b308a35d,154.43768486956984
68b4b7211f012921be293ec10a5b2e400babf9f9,481.0276184082031
68d6e891736066dd5e4a3c97b43a9060b7c9a7ed,177.3658905029297
68fb9ccde2c795925db20c54808ce39ea29f9580,599.1202353966908
691879748d5b77908900022e7cf1736ee048958e,543.2277350026618
699ae17f4e9a62375d6457cdab08a2dcc023d6da,50.62394714355469
6a55ade739b29c01ae413f274bfb7d97d36247a0,318.14257859416193
6a6c94ae4a02d74c296899148cc71d576ad5390a,229.28252767785858
6abe653fe11a79a725382f995ad6d20da6afa47d,172.06154814226304
6abee2a8b911338bf511e5f16c4a187cff8ab85e,411.4489191104488
6adf369a930de51832dbe9a12721fbc748162d3a,268.044189453125
6af4fd2b0e2411b744d0587be50052a125628dc3,189.20014544114494
6b2bc8a2ddf021c6284a7efdc40666827bf64725,83.51483917236328
6b3b0d2ce1966b4f66748297e385cc7e8c8bdc98,101.21331024169922
6b3e4ef523bb2eb705557d97b5fa6736f967c36f,371.45501708984375
6b7a15b5e5ebfd02abd3d24d7693239071cbf9c1,576.1444091796875
6bb1b0754829982c54484e4d2772d2616871b8ff,507.33146301625027
6ca9cb26b733531c9d51fc82567ecfacda4bf9d9,108.07863176416751
6ce6f832e5197576e4c34b6f627434b5cbc97c61,137.52426147460938
6d0a27712f982838ea4e2763d486818853630edd,589.2990218257634
6d379c9daa561b18425290480873fd9b17a90610,652.53729248046875
6d3fc477390693adb11d4356e264530cb9abf094,601.87744140625
6d81d4c8e7a624f52d7ca1670278f9a9360c7701,580.4769287109375
6dd18dfee0b58ade4f67f1e5f111c57f60599dff,90.31938917894871
6dd582f3298133f1940215ba26611bd80b2bec09,246.04918947770068
6e0e372e926b3589ef8fe67ee955ef197b262075,561.8717601292756
6e267969591972b6defbdcfffa3018611174561c,192.3890838623047
6eeab0ba2727d817ac0775cc708ec86d78124c05,190.58255834186647
6efd5afb47ce031047a04a267397cf19941cbbc9,177.9962615966797
6f137dc6476b3dcd40fb2ad6fa57aad5e75661b4,116.61094401324475
6f6072a62e0fe217b68dcc5224ebb53e1720b3d0,263.6418762207031
6f70e49923f042d17fb8c5316ff8378d09e189c5,312.941650390625
6f93501da24ce3490fdfc0274c23dcd1e981931d,75.17810821533203
701ba48cf3b66c21aa686dcd78a66ece9a09f614,175.21861267089844
705a86ae9eebf0316b273ee63d164031a7b38ea2,223.8024139404297
70d8e6d5c4d3e10ac1d714bd1b50ceb80af2d896,210.38938903808594
70e1d92abb87036fac1fc12cdb769d2df0938529,338.6500548856646
714ffc00a69373619fceb2807b39c16cb3e7a917,152.93098912116963
715dd36ff08e326e2b4c45427c153b0e7bac6d23,194.27015686035156
716d6f2aaed3e620c6c5b714bfb99d57fe545ffd,554.8509521484375
71b754da9092ac96360ee1993ec27366bd039785,161.83999633789062
7225bf582939c600aa52453cbb20e88ea4d18381,298.001953125
725357e7f2e42cfc4f08591df5caa9bcf5ff6280,142.9244010451614
72652f1b57a59f4a8e278cf070cca49ccdfce670,343.3562676178679
7268472644e0b09901bef6495e2a4d455b4c1890,458.7420349121094
726f300105ad69d160d0835fbbaaa4dabd7d7d39,481.33602568875904
72713826853c909247a70ea8105fa14afb1eac31,219.10279846191406
72785dd5a3182782bf0c02ef69bb5b776fa438b9,441.09893798828125
72df61d622032f8ac8599616b662662f65ee22e5,91.588104248046875
72eff2388181d1ad10baed69adc7fceaecd485e6,422.55073814937737
73085df848d250529c6b839c4005e1635f908345,107.59967041015625
7342c287be8b3735d2c7dc1688a60447dea969d1,208.46997412833693
73954cf0580c676cbbd2426384d69bce4d997458,143.2829303876263
73b4d0c624c772c7969d5df019766bb774bf4f9b,497.8011363999734
73be4f76c2bec88740f90212ac33d9ca13899275,374.6299451724674
74048c5d54f8e79cfee1ca9803658cfdf3bd4755,218.23645726107256
7451bb61548adc7de276059b5a577fb05329b931,388.99265945058715
745e1b784f3db91845844981ae0a8c06c9f09135,176.91847229003906
74877ed1ee85fc60a019745c54752f90c7634ef4,424.1748962402344
74f22fceb707d091d74fd07c2e347a50dbe7749a,342.6426696777344
74fbd2c42d3848988ba22644a52c38a95f26283b,584.8716198603208
7508430dc85b53c739a8e2906062c20e7c6723f4,664.45391845703125
750c81e420c154073dac06495b619ec4974d4add,372.4390421180292
75174627fd934205ab7d1905d926b580814f9759,481.74846536191967
758f4f5d04979599254021276af78a2bd48ed76a,163.11239058283914
75974da3aded6c20132e5deec637421440e53359,562.90618896484375
75bc9261c4f3f8230b578a90092f0204fed4caa3,172.21273803710938
7667f17f281e6cebf0bd315bbe45d0989286fdf0,154.51651784709534
7694076619c298b4556297b20afaf8eb50461cdf,622.163942402422
7695d350b8d34fbda2e2b035eeb35e2d919b17b7,255.98919677734375
7697cdad70aa01d9e4015b56f31a29246e651111,254.94303405870352
76a3cea57c1986a73eb8032e606fc06a6165317e,250.50880432128906
76c1b0b1cebc635fdf70c2e304187061e6393114,216.58180236816406
774e4ff835d935c622efdf74f11423022aa1aec9,114.50652313232422
777050e2c47c0765d24b18c9952d79781c880701,228.1148845740271
7782c6f80f8c16a3fda7863722e9399e71fe96b1,263.522846891081
7788ff0375c64348d36ae12869506ad498eefef4,305.6518175031408
77f57d6df721aac3eae5ac72bb381cf02486cbe0,187.25084046615635
785dba303bf069fa9a9e193799280dbb9a9d4580,286.5171203613281
786672c08d33f1282d91da2df59542edc3219d39,622.0965244412566
7884ea053ee1a638cd6fa91c1f322f4dc0ca271d,224.52667236328125
78854553f9b7cfd514c3d57624b3b122a269da35,248.47654527610254
788eb597e5c48dad59fd11c2e3bea241c2d2f768,136.34095764160156
790e6263b188f5e3be4b2dc28ad39c35033178ca,340.98284912109375
793587fe9c1be3f0c7a27e768f7e54bf7d13ac1b,263.73883056640625
79ae84f001d7d14f78615e97cb3785e112caae49,201.06520246754437
79b80b1da9e97abefd52404c09bc7208276a309f,201.65460205078125
7a0e9a6d8c15c2362a276c88e9f8ca7f02d608b3,457.2727230193502
7a41536ca370190d3d4d569d8b78369f63297956,330.29958966716936
7a869940ecb54255628a3ab4eb54d88cfd605984,81.44297790527344
7a891d3cff176ecd273e99f30daf952fdd346151,106.74969482421875
7ab19f57104e23f4a0030c5cfbdc8a9f9e40c82e,144.82229614257812
7abe25c99132dffd0d1bc6ad05098bd01ce7798a,285.830322265625
7b00d5dda854778e8d3ba783d4918faddae32575,539.9722238823063
7b820bac99307b0a58773bc16dda0b51fd8a1268,233.39564514160156
7ba90f6e528c892f6ff6bd73d37d26ea3b451481,513.60760498046875
7cd54f74db7018fdd91925f57824cf4992aefa44,304.9997863769531
7d73305e306705436ac4f31f8149a297d95b0040,377.1476135253906
7d79b3a7f13a8d4769b21aef0e5a1527f70d0b36,59.11861038208008
7e148dd6c0520cd48c32cbfd55c0d41a9d240c04,232.48471069335938
7e2ea9a1e09ecedbb82fa041fa50fa6f9b1f2e88,152.28403374948485
7e515479d347fbf48a942762c9c0d6297a09c98e,299.4320068359375
7e8143bf283aeee4cc0b25e961aa71d77fa7f9a3,38.16976547241211
7ea557c127e6a4df423fe65230e6eec83ad76cfa,315.8677389238033
7eac8963d63f1d89b21fde89c94e2893ebcacafa,43.88356399536133
7ed1966647fc7239eda03abc53f9502d458f0db1,159.40902709960938
7eff5913d27779974e8392a83471b0d695fe4c7e,92.756195068359375
7fc1649c77a577cbd7893f4e3ed89ff542d9e3c2,436.51757801643885
7fe97fbb484e94e5f2cc6de69848bc3f5c393922,292.87327558275564
805ae58281deba6d30ed460ec662adc6489bd7e0,359.93836174888526
806d60fa9695fda61e624eb0c6119eb0c1856ebd,372.142221521955
80f3a94c7bf1ed6397017744dbb75ff931902e2d,560.9239462877119
80f734d807768cfbfb215d8f9ac5caf20991033a,425.9182554099704
80fe2c6a392ae1a7535192e20c7d47b4cc05a24a,301.75519332508424
810ac2caa9faf2673d3f3ace92b7f4b857334a22,465.6063537597656
81272c934b63edda7b2c6ca9f268f5a594ce5131,560.3768059736302
812bda429f3d18d027657b049c110ed4130ede6e,231.9710235595703
819c659ae2937c0ae169d91ed3d4b742a747d8de,254.4082489013672
81bca117796907ff95667efc8673877ee01839af,291.7260171657535
81c84c1a4746858d5ad0667568ae5c78c90bdd18,105.12248836332427
823ef8ab49429d54aea814bd4302492b0a5365a6,579.96417236328125
82403a7134c9abc780cee2b9806bea6095b5277d,347.0250244140625
827135b2373b76725e3861585e8180bbd1990e19,405.520263671875
8271bb867b6ea45c9d3f26a5e40951bb693b2c64,180.71334838867188
8290ab2133e0724dfa4c029c8fccc4e082eeab6d,348.7530332085818
82a40516439b2c521bd17f809edbf05e2a311a0e,196.68722534179688
82a5ab8efccb2187f9e51097d6542c6145086310,141.60960388183594
82bde68c049407a9ac8f5aaa0cfb1b825b195dba,326.4241943359375
82cb9c0e72ca056b5de69fc76b30f69789740cbf,592.85430908203125
831dd08bcf173f87d725e687efe4af29eed01d8a,217.4923553466797
831f5978323fb00573d8cbd0f3e90dd10a59bab3,270.9711608886719
833193952eb3312ce58f20271128721570691ade,177.31295776367188
837484931d4d9194973ae70dbc31984c986adcdb,219.70889248458934
8385d8f483d01edb19652cda2c3e8859c97572df,178.87376403808594
83a048f4a13d71b9d566b1e9da9108bf272a62e9,549.4671630859375
83a67a77ec3fd10c2f7c1120915487f1493fc797,413.7612609863281
83b0284261e2bda954f2c6b2dc67c2a5e4f3c127,367.34603306535246
83e0efaee0c0ad8ae021273fa2166dda87c250a5,217.93223571777344
8409ad37278a80cc08b0efc4ab62971a072fb03b,121.89607238769531
847d88b282780a11b682814f019fcc9e444db809,389.4619304758114
847dc524ea80fb1540a4d1da0efbef07f7b32076,406.3074951171875
84aac2aec4fcffded30577384d92145d99fc51d6,200.6179962158203
84efa1f1b49e61ebdeb8aa5034d4d4141b4b20aa,595.9863240493897
85892930a37ad79b3935abb05a5b008d0d2c9442,503.575439453125
86109ea6366c07fa53a83ede66113199f7b0f80a,418.4522705078125
867fd26dcadcfa02afbb979b0a0d95f842629e5b,409.4646911621094
86bcae85b42e4632b6b1167f62009ae645bfc8f7,365.78839111328125
86dbee76e085933462d0d1bcb3753dc2b31c71b6,65.45184326171875
86eea80678fa86ded9f82ddee11e168abbb059f7,361.0680236816406
875be6a8f72ffd17b4c0eecc36f80c8abe19913d,516.1546965431905
87758f0175a131b8836b7c378aad170e3c379671,253.7697333748338
8827b470bf94e8b5571254ef073b73c2408faa02,329.27697651265765
8834d134e135e1ea1915b5d3733e30232e3b9d09,323.95936791109824
8869aa36a4bc122f6e2237f7a80cf0aff39339d9,163.80352783203125
886d88cfb015796450723c53c2d9d0ed7e757a36,440.3619377551095
88c3fb65b5920f24c35ab0e5af0e63dfee325694,323.5912330506428
896fb5e83de7b25546af8c120208958822553154,398.42596435546875
89867c611e3d19353f81da7951f84db1bf5d3045,621.7071533203125
8a08ce5d05e0465063d79ef1f4d943a508e6ab9a,156.8383026123047
8a53fa1a29bec52b1755b87bf287b5c08a0cc4ec,76.81291198730469
8a923c41a6eb11be4d5db8e3ec8e6d9fcb4b8312,178.13839721679688
8aa9e1d68032a79c4081bd1a45ef0ec2a654f7d8,597.29656982421875
8b56a85ee94ae8780f6ded359e6dfe292bacf2f3,556.6713908160337
8b847c6cb9fc841f2314908c5661b0e0cce6a354,180.60523986816406
8bd7aca31aca3f9dea95888e3c5585ce9ca573f2,220.23635864257812
8c17e8a7773b0425a915a91dfb424ca0db361135,621.4454345703125
8c6225f4d65d2c7f53ac99f03ac9462b6ed219c2,246.13466614995264
8c73f6cd68b778eafe43675872c8fb1990a7505b,527.1467175830013
8c90f794369f465ee58444ff53b647da2dcc4d69,168.00247042725638
8cb0077cfb3e22ea21306da0bccccd6780395e82,392.2614440917969
8d2046fcc57abbb3c26c8f35be215bb61d0df58b,662.3303462781644
8d5fa26e75d233f2a4a8179fd778281b12a94445,277.33475944923237
8d8e84cd258ba3184b3ffa45b5a15c2ba38bea51,536.3134487597438
8da31282e0a614fbe7699ac443789f1109ea1de6,147.49961853027344
8e279ef4dafa65d4db8b0d74ae3db9a34e513259,428.5043288334953
8f207761a5d661092d192327d82b31fffb03520c,518.7026893862362
8f91d5b0189a7625db655e9fdc00bd4f5b83f22c,168.2840118408203
8fbb14aeace75af8a3660d5b9579886cde9bea53,227.78628540039062
8fc15777ba7771d58f5b6315b8f94ebf01026c9d,289.04665723200236
8fe5068677f925b38c5c2fd0db4d9d876a3eac57,523.2209885853187
8ffc12422baf26cf276c1b0f0ad92fa8121b841a,242.58567810058594
900b53b39ef087527d021088c8fa3e05025275ab,256.72247314453125
90365eac1c4eedadb3fa7d296310b5655153b996,51.025142669677734
9059a5a840a42c6451c38c4e4f175157c3776499,439.664455510891
906d0f1dbd1ff88dbae6d7733db157d8fa38f403,196.84490966796875
90c2f6e1a2df1796abe8d2ff25e1e6004425c853,375.5133361816406
90f44637ec9f3cc6c1e0b5459faa809fc9bdafc2,632.15838623046875
90fc00ee8b7d39be50d43e11592d59214fbeb704,83.771087646484375
911c1207c6750d3cadff20ce7f8a4bbbb8b30c1d,658.5125590059044
91ab8ec137cd8cbd6baf9ee89fc9aeb62ded3da7,570.2055514742406
91d6f8297a61343c126056e697a96916e24906b2,615.3003955704085
929edab2a8d29837776c3f50bea0d3f72d3a49cc,515.5355668914221
92b39f1799425a345e062289fe6ff65945d0406d,378.4405212402344
92d40aa16ee14bbb2fcec72a180779d0f4a3882a,550.0097209803172
92dc6059c836b1d56350ffa0b2e5a8d40eaf2b99,297.6600036621094
92eb85330143dabdef25eb574579317b17f58c66,158.56619835936021
93123491a7701d0fef837ee5c438e5326285427e,178.74947035071222
932fb2795268aa7e90ad05c149845626b1bd33e8,248.0998992919922
938e5bb30e5800a70dc405415d8f3f58eb11580d,100.47518157958984
94031e55e26ae3374eedd6291d8c2fb31b4db61f,331.5694515284248
949299bedcc324635a1b36cfe3a0576f2998dce8,282.0091801323549
95488e24309dc2d5f727415238c82cc138a43009,451.6481018066406
96174218b30a843dc7df8cc053890b96e83ca9b9,90.26060285435905
9629bb0fd4ba8f090f503488e7f867404b285fb4,603.33660888671875
963b6b90ab5708423da2c909b2a606e73af500b4,218.4373016357422
9670df799799c7b799a7004f69d85f626799256c,509.3645664269622
96d173cc60387c102f2e79c0c3f995ec87114b33,589.2764682607215
9704d821131f5f3bf72417dd72fed844bfbf1d3f,686.7294921875
9733e83987bc6ef229981f8ffbe5cf103e5d1491,189.46205139160156
975ee6226b2a5fd9aeea15763b119ce7e00a26df,333.0944597857546
97864bd4db7076b4cffb32c072171dbf26e54789,144.34201667555814
9796941558f36b8aa6fb6ddac8dbf46df6266990,187.52627563476562
97f7a1f1d6c0a539b27cbaf98b258ac56f901a3d,213.94970334242583
988248071ac6854ec1205b5a93b3f86f2b4aa8e2,574.347412109375
98bbd7845155dd969b1ea100f72d9acb2a6357bc,335.7028310280129
990278b36b8614dcb6b7974b26da63dc286938dc,191.10873413085938
9920dccea1bf96b7fd54eaf4c4da770cfa06bb11,235.5647735595703
993487b7e6d00467a5ede03140d3e3945bd4184f,524.75048828125
994eaad8cdcac92c2373796cd90193ddac566c18,499.2287292480469
9953eb87ac2126d387cfc6fd55270701d98eb164,402.84584813080176
9972967ba4d26cf7280f1b79aaae47d80db9aa82,334.58477783203125
9a1d0691f34a0c9c1899f3c29af36638cc7a8af6,186.77464294433594
9a1f22fde2e9d6e42948fb6776e9dc807aa9e7ad,290.95917183675505
9a844e4d2ab1c3791241f7695bc86d1cbf40cba3,676.91162109375
9abf64a9b0f68285e596cfd52740aad7adc7107a,122.3802762346709
9b04f93db5f5a3754eb397912a06ee1eb882a3a0,343.9375
9b178f0ce126ca72df209de29e6b5b49236dc6a4,164.55459594726562
9b52235d7b694738421b6c2ed9271edb04553492,501.84774009474495
9b6cc35e0e92b9434e3b5034c9fa66b507cc6928,139.63008073409804
9b9fad3a6cc34d2070b2847bfb99a4de6cd99851,134.05311547408175
9bb39c86000b71e3e0614e7bfd3f74806968c3ac,213.1855010986328
9c4413851a0f4ec032f2262e2734e464372d8661,180.7222014913872
9c64aa2f9bdc8a444259c5cd80efaaa327070c1e,95.879486083984375
9c826a976313aa9c8545b056d08ddf8d8c8304b1,231.62420654296875
9c9042a648cc4c291bb50e605647207ca6198e52,150.53474660809317
9ce7d8a2abb80aa52ddbf3118d4a37b127b2c034,310.27112040897816
9d1d3eb706cc040e7b2b4399ae24a0ab37d64484,133.18406677246094
9d273c21e5938995493330a41bca1490d1216a28,364.0065794801204
9d718e4ac752b0c8256347ca5fb2311ca1b29697,158.18820190429688
9db9f57f1c43b97b2992487e0571c89d726e76d0,200.98301696777344
9dc0903fd6704325b19057c6733c91c5f88904ef,580.9245420818947
9ece65ea906adac0b28480d54c8002d9c355f3ed,170.45660400390625
9f0206bf0b19396411a36c413ed75a0a5d1d9abe,212.9362031390075
9f0d133f5c3fe4b2ae333b8ec580143f92bd1ce3,101.89091491699219
9f3083a9163c554b4819ad6a16aa66c05dcd23e3,145.57167208026382
9f799103002362dacde5a3a72b725b09e269e34a,157.6524658203125
9f97eba0f0f065f43f3bae1fbc442de93be9cf41,130.3834228515625
a005eb90265f5f1aab9e88a48ec4d05f1568afea,315.018587406121
a077dc4be2425cfd6d0e83f560c4c71de4544c6c,254.8678436279297
a080e0fb6a8d34e09f1871e0c2440f2440620251,184.6861572265625
a09a8f90196e47a60ee185a500eda371f8549b2e,340.3095703125
a0fdb43e8688b158286b5e776d98d4d3d620ed19,139.70826721191406
a12dfc1f655a970791e299576b3149268d46992c,388.2702572289329
a1639e7871881ef53f45c5a8c8e5a4d42dc73347,313.6579831979026
a179f0ff3993e330461d42b82a4341dc8352ef3d,581.73443603515625
a1a739abf8c2e0b800c45209bd433cc630c5cba6,62.57217788696289
a1da4de2954e5c911e9ff85b2361be2430721882,445.7665278979773
a1e50048cc5485d7fec29b7622cd84e8e77107f0,385.0111389160156
a2492466d4a5ab3f0b605db3ce867e966f605a0d,347.5176074054739
a262ec79e3b889c625f9afb5b5d29bd2cb43b737,124.63087124585145
a28d972a945f563770f28a9fddcd0bea048d761b,396.95311988051697
a3319fb6f26cd7f073d9dd2ee61fe7c463696a5e,501.87347412109375
a344708b964f13f93354f5ef39091648e7dae405,216.53233337402344
a3551f5683e9b45f415f5213c382fe055539621d,305.8688049316406
a361af09cd69dec795d850448e306d7dd3fc18ad,672.63800048828125
a362813a343a35045066d9f3b54337164f71bf24,198.244342421655
a3be350a00d09dd1e888270c99f348fbfa8d9fcc,287.2701110839844
a3dda6df5b40dafba0394d8f3bd23ac763e14c20,235.21875
a3ebad92341cbd9f898f20ef6c818ce1821913df,420.15845635995765
a3ef4621bad2179060c871a3bd87344f645d5bef,399.0640677285802
a4226052c7e0d04d4c9fdc737eada8c1d5d8e8ab,374.96897931332074
a452b63757e97e908baad6557a89b85f23f0357d,313.3342590332031
a45fbcb3331ccf78609bc7b102f4a9c4166c99cd,194.07383688476585
a4b506ad554bf35ae6d966f8997b30554e28e967,292.53892324113895
a53d8bd55581f6e8a1f9eba3dd242df50dc4f9b4,237.97398376464844
a540f5b1639f7c7d09108c6893fb30986b89c533,414.0694504389543
a541a2973b76530ae727ff9bb33cbe134af302e1,283.9706726074219
a55490aeb6a1112c687c10ed27be6f6cf11efdbb,277.9806823730469
a564a07b0a14fac896fee84823537808e7c2b6f4,547.2847643871105
a5f4979b97b2f61c5539cd206bdddf51c14e489e,289.39794921875
a60ee7a51235ffd74aad60511c621cd61a07dc65,427.86354608146354
a6da60464d65325db2790e3249d7e40808b10134,153.53468782486095
a6f7d8d0bc6a651cf224abaed2235f269a69af99,185.14463995984158
a7303f4e8da8737691fc5803f2fcc1fba73b1c5f,126.60184759857516
a7677072d50ce8758e7984df02b7c086581c7c0f,274.48828125
a772e9dc1c79afe8680f3d6ba2c5b611dcd8390d,301.8108867720942
a780aca9388b5a7fb1dd5e25ce58cc2a737759e7,547.5992431640625
a79b259fac46581fe638ea9012ae5864f42bf657,635.99957275390625
a7ab335ba29a72bc194f77b694f23bd2eea9c4da,115.67325968639798
a81078aaee30c1703774a959d43e291fafd547c6,354.0098876953125
a8a63f0cf7287b7c95fde6c235ba835a94ae4f42,328.7944030761719
a8bb5bb25de0ae8cdcf2ead3b205f91e19453a23,261.2838576555329
a8bc5d972d9f4c0989ecec80cebd10d6d906b41e,247.63057424921288
a9575a219e177b56f4550f5f8fa4f0d9e4a63524,183.2885138617792
a9b53974ac34cd7c03133051645ef424e81c3073,690.1143413028041
a9c11b84af53de19baf262b41382cc42f069b076,278.68389892578125
a9e0f366a5368bbf1833182a1b7648e48f0e66eb,79.84786958305108
aa3d79f358afbee1f5c09c94dbabe17a75f0e319,502.521728515625
aa7d8c9956e820e0687d1dd1ec6d9a2e1ccb973e,157.18350219726562
aa8fc6498e64d483653ea6a5b72020a48f46863b,382.35052490234375
aabf3e39315d7cd1df39df4ac9bd3c8b3dbf863d,271.87953560196087
ab0cd1b594b0a41f4764e09cdd25c6a2f552896d,155.5074920654297
ab22430ffdd4b0e3c20d34f7a33d386fb734986a,208.28793334960938
ab71dcf08d90060a014826727a8caf6458706627,179.1311798095703
ab8194b8601c80f1023c09fd6111d5e07559af5f,659.257568359375
ac4e189eb2de21f080213b5553f642a46f8a92a4,104.20462799072266
ac724d2c4f528f54694485ea13fcd9bbb0db5ed0,82.35569763183594
acb8fb88563f556896704e7c130bcc4f9119978e,339.3525433072622
acfafb3a527acf0793a48daf0a4776fc02688540,376.46197509765625
ad3c96b12eb524da639ce2a34c52cc10121452a5,192.90997314453125
ad47930a680553ceaf66aa09cd1f54eb49131534,121.7656514263562
ad9fffe6e5f822d9ee61fe0ee76bce420f15b799,260.1030398431004
adaf6b76ab504ed185c2d0571f6899784407a344,610.7589152833082
ae090ac7b421da3981f417983bf7cc75136411eb,428.3173865750466
ae4482e6eb66198561ebdd43c0912881ac682933,162.83512412167264
ae4c097ec1b82467f39a289508fa1e2182a46e70,485.6915588378906
aead3aff7037961e6558847652bbc1591f64110f,62.715755462646484
af2204da5514e67430e221c1d858a31cd0a6400e,584.738027274316
afdd2d59d3b9ffcdbb589f38b24ccbc6ec4f5423,369.501062358039
afea0d1ba3b66650bcae0088ab31436472c07a6a,255.04721069335938
affcfa63309486ddfeb6dbddb82201f7acad2ed3,619.493408203125
b014127dd50ee1385d129221073a9bc1efe8dcea,159.52066040039062
b032c7c0874f4bf88ac83799db6e22a3671a9548,132.80402289798263
b0391649b259ed06a0c773c854a7693e6bf98fd4,89.5286865234375
b0c52bd50d2f39a827d327d14ec0ddcde23f2b3e,565.8855615915879
b0c7da3365fbf57247eb535595037615a73dbd98,100.40699768066406
b0eb10e7e18f9ab34c87a2e6468f11fb2cc16f69,555.22357177734375
b135b247f1afd053b201fc7c434493408c5dcf69,361.89931452540515
b15267169aa4619e07c581cc461c727318e8a37e,589.0902099609375
b16b823740b268b9519845df5a6cababf87b91d2,564.28369140625
b236d0b1a773f693cafff9d629b8c7bf426ef094,212.44595336914062
b2666f572da8aa3626c31b495ee97f7905a903d4,142.91340862804896
b2bc4643e75d271fedf8f25928173e359b9d10df,298.16167232157613
b2cf06bd2f7adb8ce79bf51948c2c890be9e349f,128.43270874023438
b2e83691a8e240b99ae212eea4f3481119f0f697,126.71761917476502
b33a86374eb5b230a1c81bc1dd0e92dc86c87cd2,244.34009849150698
b35b8887b05af2a7939eed185a0cda2eefce3be0,277.50705905797366
b3639a58be5e5ba74f462b1ddb80efc8e7a70400,263.81207275390625
b3ada2a440fd2cf4439c9fe385b6ae465106b5b9,562.70770263671875
b4246bd7233f08e749626eb0b7647d295f2e37b7,687.8688372920944
b44b24f15557ba72ed6c35df9e14f6b79a63f12b,161.06961059570312
b457b98c999402bcaafcbc50238ebc5d85510b5f,204.42964536026705
b4746581a84b0340ebf9779e23296949514bffe4,237.60693359375
b49c738a07341fb073afea180a7b892abf6e232e,233.091064453125
b4e4563c13e5eb6e44559137b584f85f510a15db,136.79103088378906
b55ad857cb7cba7a2a30ce9162b84918cc9eaec2,269.9083432167413
b56dc9f71a1fdb5d34b826d29f39ceef950b2e64,178.37454108446659
b5ed9d3854296cf9fc30c5751db3581e6f44df1b,254.00352478027344
b5f2346c7c507eb71507e93b9202b6c332a72386,294.76165771484375
b6053cab8b9347284f9e4d50946741e97c13bd29,155.7004927152553
b675e6a4582eeb4b59c434f8f5d8d0714b0b1abe,344.5004311462867
b6961328212704f571844134b57eb766396c2765,341.9950380692004
b6a6528f08a0e1f3667715817bd1b31609da0e6d,545.39764404296875
b6a6add81b3c0c558430e20f668a39790058918d,243.2026958019194
b71b94d1ad8af586c66f4982ddfb84e66edb9381,142.5758819580078
b7609fb0febcebfbb70a23fa2a2d57135c168036,451.85838139679237
b76250a480383127f8406788203703b8923ceb16,428.65049890818426
b79fda68e6cf4543206fe62ccec8fa72de488635,236.56687927246094
b7d69db25c114771689e75b02d1e5861b4a44564,531.0936311861897
b7fbeb6e14a4fbade5bce6353b1ef65a3422e6dc,303.0625268411179
b81c83a7bc78b236f741178465e4491ba63a2c53,240.17483520507812
b82253f5145945f4206de3591d739a50146587be,189.71954370940608
b8ef1de941498a52fd463411f09b22dfe580d92f,334.25972522111635
b96aacc9d189d612fdf6bb0a3a53913f9a58f999,327.4368081912304
b9b6310bc17b1107269935131bd8948424456a74,629.5677490234375
b9d55cff57b492a19f70c8367d88048159198a06,599.2385244947104
ba083a4eaa2ab6bce8f4f6ca0479607ac4156d08,142.19683031274087
ba3b4d054745187f4783166f76a451c18714cf96,213.97297400574254
ba8daab0a27147a0029a2084f2a14d46c30d9969,156.79067993164062
baa3b17a346a64bd69409ed26f14711da996d4ae,253.0224027050251
bacc3c84803b819304c57688dfb61c94cce8ceb7,366.3910827636719
bb2a17fbac021ed509b946b71f955f48e974434f,246.48057556152344
bb35e1261b014ae28854bee33749be3014abd759,408.0486755371094
bb4b4ea98775420ac9e6b12fa25d54b33af99a38,335.48067968689344
bbb949d31b22f9af2ddca2a9a26b505e2b256f52,189.10771070895174
bbc17beec3602b1f8612e38ac90344bcb8bb9545,142.98977006441632
bbd2b8abf772b70d3b09f8e1ef274e6a1b6c8c3e,544.3339311289027
bbf3743b9f6eaf5926e5be5498c17a700846b063,93.16080474853516
bc301574248628ab3342c10680311800d075b607,194.94329833984375
bc3c71dc19d09389180e0fcbdc14205e7da08a90,547.5302930116787
bcf797f96bb77f5e3735d453c1519a251a37c1a0,467.07061767578125
bcfd4fde54fafaee3f528e136b8e0c506b8f805d,203.561279296875
bcfe3b7e6b498b243aa5c5ddcb81d57e0176d976,129.4904022216797
bd2c50c1151f341a8a47a2095a4f7a2feef7904f,193.85852975079334
bd2d4ed904336afedf4133388d24dd3ceb8ff4f2,169.0947723388672
bd92860ce8fe7bb4ef198793f18a88a2e40b0054,57.17240905761719
be27b2f01fac259645482c73aa2cdedaf8a5e490,75.967041015625
be5d3f4dc7d957f41ff2c09089f5e3425ec20339,87.13915252685547
be7f0ff8013f5b20f0a0506744e7111efe58dfff,210.36251831054688
bef358a6e321b663a57d68088262dbcb52375fef,110.87220764160156
befea4c140f097ea4ca1952db4949a66119ba917,194.373779296875
bf2a844e439cc500f36068c3de810756612bbfcf,67.78528594970703
bf904b7c7b37961238f376325496c7fb67c275d8,689.8482852231763
bf9d8e5bb95edd83b3afe849a93622a7de57492a,511.70867919921875
bfc852b3c9cea4e2371dec5a991ea966565ed51d,80.48040345529967
bff2a57b9d1c56969f2f6fe7df797ed524158575,377.9038391113281
c00e08f69e44f658e28f00e67502f80be1afebe6,221.92279052734375
c02ab582e08aaeca9d075eecd110b3ae914fbe25,318.42081722579417
c03f64ce935ac1918ee28a90473d178e85f80cc8,166.65496826171875
c04bfbc3f42ec36472468471b3a7163f39671a33,505.88292838959666
c06d6d155e6af5b58b8d4332ebed7fd290783757,268.3238830566406
c093e94c4a0e11a5dc388bf65cf8f9fd3a7365a4,218.93006896972656
c0c23391c0b5487f31e103dba2d61a20a4267a46,114.98316192626953
c11bd26b9ee10f412dd5e37627e36619a3d8ac3f,304.6251220703125
c13f95db5afb341104954184f96f12e5521956dd,378.0954284667969
c142dc131919492588c31e1e803a04a4613bdcd9,143.1010284423828
c15acd7eb2cabec4fc9dfa9bb7f6cda1ebed7a57,294.45190543605895
c15f054f57ed3ffcb6cc9c99fcca23ae286de2a7,84.83818817138672
c17f6680b24e0e7306ccc02beb858c91e9efc7b4,302.800163938755
c1a687ca25c227e4ad472453df39aad813b8cd5b,301.8782930839499
c1a74097ee56f5a547a20b2fafd43fb2c947c721,241.68548583984375
c1c3e5b6f43ab1b1eccefeb8b6b2d22bc72758e4,113.57346715831443
c1e763388cced9f7919c4a32a1f69270acbdeba7,546.84063720703125
c1efb8c56121f7c7dc9940f9ad3a76da3ba61072,255.92033828757312
c1efd3145c820257fae2347ff5675817cfb37bca,324.73930254448567
c1f10dfec44e7de9225883f9137cc2e65a90b7d1,141.3970983316808
c2763fb4768cc867f4db3d31c3ef970bbc178dad,365.1620178222656
c2cd66a2ac884e61d6afc5fa5cd8e271f1482cd2,265.30644200320035
c2d5cd6534e07fa60be2c62f486d388ab1b4a510,408.4012451171875
c33798503f884f79588b045ca6b8d93aa26923d8,57.923148194233995
c33f8c516f30cfd1a8e6888835b365a1cbb31023,350.39617919921875
c36612f893a26b390538c1fe96f0f1655ea6afff,179.2630152177798
c3796f5a839deb113d14052599ae9112204bda69,242.65604825379697
c37ab1ab3c46e09c04d254ae19538906e4961c14,398.5195007324219
c3a4ec04fc9ce6e0aad6137bbba6ae7553d5669e,122.42776325750548
c3b87b4787e7c178e8bd6f84c6006ddc94c153dc,105.49394989013672
c3bfe278d53da235a6c18c9aaf50af6833e7160a,375.1177062988281
c3c959721c769aebc8c295ef57242f77d7924eb8,277.1634521484375
c495dc66c50e7a713782349d5c7aef0b63850a4d,181.66033935546875
c4a3a37c4ce2cb23f36183ae3c605b6362b6b173,135.37918090820312
c4ab8f9643f3531288890b9b0e3e78b8e1a813d2,609.3421125070726
c4cfbf7ccc18d0374d84bbc07f15cca8c75a392e,157.52732849121094
c4db34402ba417ae6cc0cf8eca1c05a59b5940bf,391.74642278179687
c5b613084af8b64c8922bb2df990af914b882a07,260.3040681800999
c5cdb7dc2ab3cb6e2c84e349c9f39a995dc322a8,234.1788787841797
c6020d12585d4a0d7b1babd840c54f37a9159aea,310.54803466796875
c614f744d2863a2206be1f86eb32dfaef7c2363c,582.4986992385476
c622a8d5412a03285ff15c459ae6d4ae30f186cf,88.97169494628906
c6392379d4895e7d324dfc39bf26c47ca8863010,229.83401489257812
c6b23c492113559403b5c72b57560361548a9714,481.12908935546875
c6fe1559a92b885537ef0ed6824f27f076f5f078,135.8973705397185
c7764f04723365202062787557ef0b2013a49725,277.07928466796875
c7bc0f6b0b2895c5de250976d07fae51957a2335,305.0799865722656
c7c83eaa9fe8da2f81c5fce172059af61448b3e7,409.601674691264
c7cf6ba58c6e1a6c0594c39eaad6608c41f02cf2,277.8371276855469
c7d82e48d6506ad99ed9656182326ef9576a14cc,405.778358870846
c7d8f7968457b20270b902a722e6228930883164,181.7832869656368
c8705dd3e5f5bce88f756219fa637cfb240e566f,166.561279296875
c87195f443c8e3b4e92f3f0c982c6ab1c98eee92,102.59686279296875
c9191caf2334c0592da386bfc6ff7fc06fce4e86,162.30091857910156
c9acde47eab2f050e177d341718461ae7822a428,155.00672912597656
c9ce359e73fc58d171dff50208d0bd7bde1fef89,237.05359544693556
ca70f3adc579187aaae466e747a3cd8f9f9978ab,78.09521484375
cac781e6057a593d09d784ca4526fcbb96a62049,448.16301229100566
cb0945d75bacbce335c5bad0d0e838f5d9836752,448.1966908934263
cb1e547b7c66c37dbe3e9495bfd0eec9cae1ad9b,527.9182761229182
cb2fef9c6b10531d42f8c1c4505dec1f02bac32d,213.81578063964844
cb619f0f5f6b317a44988779b7e821830bd94389,345.073830524611
cb8431b527d113c771bb114629f75afcd3d075c0,376.0337829589844
cc1f15c9afeed7ed9f25253d1bb72978d598ce24,179.72079467773438
cc226d28e016753edeaeebeade623877b5cf0596,358.1026611328125
ccbeebb83e2f368d70aca48df9d3cab30efa80cf,295.35781078911725
ccf59a5a3714de7f546cc6a2168044419ebc12a2,455.13889537318823
ccfb84da90116a28621de8f41a5426d5bfdfc6da,446.65673828125
cd008120919654d8408cbea3cf6b8908bf57dd02,344.84003473087955
cd07d797aefc9992087f10f1c6ff48b13bf4450f,595.2037962834507
cd1bf71ebbf54e7df656e803ed25f19d3fdb16d8,643.2269287109375
cd3171c51a380856b0f39077b530e4b9525f38bb,410.35044751010605
cd8cf54b5294970b1449c81e79e877ac218128f1,552.5349546058515
cd9532b021820f7df2e01c77aa62b0b52f1f3260,90.80692291259766
cdbe923458653286958dc31c6749197bd4cf6eac,298.4384562504001
ce1fd92debc42d1cb9a81753f75e6ce9263f881f,113.41579434340069
ce5e4142cf38bfe644f7b5ccc309033273cfe961,104.50883000075756
ce746d67556da11c57b57d89f6d7119afac28883,238.94131469726562
cea64cbb740673b74e9c574d1aa21ec5460ddfc8,330.8548278808594
ceb4badc662bc3e27366fb9421912e2c20a1887a,270.6785583496094
cecd3c91e652f2ec5b14dc445fc26b24794871e3,583.11907958984375
ceeeda3bde736c0c656b03be05b4583f1daaf664,584.223654835979
cf28eefee29e95adc5607c10aee2a11900cc80ad,118.72441101074219
cf37ddacfdbd60f20cff15e645d2e04264791399,190.80966828422692
cf3b5632732bf79c9b78676d20ebb3b7973445fd,153.91142838423573
cf55b826be3f9ff5b2d5e520ee6614fef8df01f3,577.78167724609375
cf844ba45063a7feb233e55f8bb750537ff7e297,234.9797821044922
cfb77e4ebc7045cf47eaaadcb12ec0ad4a986e35,564.4309730569894
d07a10305d2dcb8e35c7950b820a899da0ce97c8,182.892946624685
d07f81a56dd9e7362f7a243e018aaaf316eb7edd,515.38134765625
d0a05fabe73d4f158af331fe497cf59cc3c760e1,527.18035888671875
d0b04d5560dd66f62ab0237e464de9bc15bb13a2,177.42787170410156
d0f634c0a8770d9793416c260ba7e457bd977057,282.3636463125976
d18578b6741fea39f0922df69f56c19f2bd69c1c,607.9671895683737
d22cb49d1088bec45e9076cd35b6827ef7ae48d9,252.2494659423828
d24840465f8719cd1dfd9cd7c56ae2a1bdfe3299,234.13912963867188
d27d5888dd9e08426f09e300c54f6a8987e2764e,279.94183349609375
d302140d59a9420fd399c51d19d2a8e9de5e0aa8,390.185302734375
d31a6366fe4f4554c165731f27c40a8d01f1d8c7,270.5279235839844
d3798a74395f1e574c0d0ced6a641de62d493cc4,204.71646118164062
d38c4d7f18ca8a6aba90b3f81b2863d8ae3c84eb,374.142734538632
d39e88861bf64ff7cc26749b2205a727f01d1b01,656.12396240234375
d3aa820c2ca2a65f108cbb8d0ddfef1085812772,84.78783416748047
d3e3a0082587b69525d0a4abec172725765d21b2,318.18294051011225
d4042704e76613cb259ac13d7db3fb4d0eeabfcf,150.04769565446168
d40be3d413f7ba4d34abacb4140985bc93d4748b,585.3585837148831
d455ef7c2485c9556dd0bc916e833870a50cd1f9,79.0572280883789
d468c4db9f6cb97ca4152440eb9c9099eaca9186,526.6145663922586
d4d2843be8884713e49ec5053168de0bd7205b1c,502.6182402687559
d4ff01fbe86049d693f73ddae1860204e899a153,389.43609619140625
d50277d1d42b13622de20f0b0ad645e3581fb382,362.0296936035156
d52a743074d439c04c9d3226d352e93e8250c7a0,130.98530801006126
d54cf9971760639469b38340a9e5179e88cc9565,233.1123425106715
d5a0ea56e1b97dc5309dca082b5ef032dc58bedb,275.77996826171875
d5a4b3c049b9174581cb64c46d1b4bb0ab9fcadd,536.43988037109375
d636652206acb1f885b4b81be07fb45c1a2cd856,226.5227813720703
d641d1b02f8a66839731d74f4427059d6a8a81c1,196.17356872558594
d641dcf7df9dd49f9842ed4b53b5c439f1af1725,135.04238541238922
d6ea7ec203add98262fecc6989c0dd54da23e7be,89.5020523071289
d73d1f703384b5c7209c35101af77b4642bf7454,355.6692244877916
d76343ee3f53822094953cf05d53c45e7ffa2a30,474.57147216796875
d7e45de0c719e476d9974304b7b7bbcace8ed4f7,93.12245178222656
d81b103a1486d0343984f7670a770148ffcbabb2,176.04991149902344
d84dfc1a33954285d578b48ac753fd3eb70dc3f9,306.48291015625
d853e7096c3c748b5722a0843ee6cbebc4b412ad,138.87184143066406
d874a540fae4dd563dae874e4bb87e6d4e17bc9d,356.64408156911423
d87ce4b011fa79fc87be77cb2eca6219e6a22f7e,17.309478759765625
d8ec71356bb5df1cf8fec800e6886aaaf9911510,483.4421330798327
d8eec2327f738402960cf28b44c1221b8ddc188b,551.4072265625
d94deb665ae01b16da724920198bb128769a1cdd,570.9933148364944
d99f033e9e448415fdf637209773beb68db918d4,194.52561950683594
d9ab39eaa698be235d8023114a8476aaa7f45278,203.2854461669922
d9b6cf8788d13cd8238f4ab94b07fbd08b177231,290.4020080566406
d9c9f5241a964c7d7bd723e78ae75f2214b40ffb,314.4383789471475
d9fc19bc3e10422075de45e7607d510092c6d028,664.0924586155235
d9fefc8b919e8b74dd1ca8427d8780965d5955c5,103.1382231590515
da0e4f7e3e161ad3ab224d18237c1184d368bb12,194.42294311523438
da2331420ceeaeed96ab885543ca5a4c6cb97958,409.02337646484375
da5ce67803a8039d079ca666c6885e8ea01a2a75,311.0760106836376
da8d7a5e7996bf225dde42e7a0e66a92359d102d,248.43104283785698
daa3aaa2e8a74038f063a7271f8f5313a3ffa549,501.85968017578125
db1e1ade2a9bbb88fbfbbf278e96a5f1a9a44473,455.58382665415803
db540e374d305a17c5181aeae0ef0e6ba8f7460f,282.2328796386719
db5a959497a3f45b886a20f13e5f0b70faee6927,145.15427985926917
dbe56adcdc76a74b0cfc490e4ab7a6a4f51d9afd,168.6137237548828
dbec40c73b2ab9555d7c2166920b92ffc21baa5a,103.56043243408203
dbf508e6a2984148d1b7391d29bbfbb421f3180b,567.5942022603385
dc3388cd406e42cc389f1efb4b2031922476d704,524.518795299557
dc4721a955b712ffc546f09eea70c45c125058fd,314.9304237054656
dc4970a9a7f6b1b1be7074780fa94764676d5fff,132.2111053466797
dcbd880cb90b63d48076b51692bc81c55bfec66a,140.47474479860244
dccadfc94c7f794204ab2e615714265c4e33f704,296.89105224609375
dcfc771f6b918ea321fc4743b486f5fbbd113d75,137.42431640625
dd1a7779b1dfec83d4aa0c198b20f71c7b7783bc,197.3461948736085
dd39392221f0834743b9b6a1945438a800f44e55,169.12962341308594
dd560af41b5afd600e2d3bf5586656b0f358c384,176.81124065586138
dd6c9bdedfa4c202e82a5c8f13beec54e8a883c9,302.9750061035156
ddbdd3d3646ed154da0f3553575f5f7d7284e748,429.0994567871094
ddcda75b13b030d7554c22a953aa0741e3d3a81b,210.1007843017578
de1ba10b2b68ad45a669d164f18db50135d61297,278.29249025738704
de5a4ae1b41cebebabfba8b0ed4ff7fd55ea6078,352.4129359902824
de9b8ea5dea7ece62ee2ccf8e7b7a43cef8498a0,413.5372009277344
dea574fc9c495459f425c25b4589b7c3f9853b8f,191.1350860595703
deb7b468a91c97b3c1b2c019c08913d7aed65774,569.2754054102979
deba05f1475df7572c009fcd78352607e0261e02,541.6781005859375
deee4ae4eeaae0811fbe9e0faeaa9b24f5041c35,123.58667357502678
df51dbc2d285f73658455573ee71736905de5db2,366.1100769042969
e00e77dbba2cb730b923a4150824f5bd936b71de,194.8860626220703
e0e1f107a95934a3912271c175a205f63fde88c9,288.8491869548972
e0ee227336f73412a96ff1d381bddaf231b53298,117.33177185058594
e12390392b3fc667467cadbc21ed707006f13fc1,75.071258544921875
e1d0ff41eedf571c7e0a52982e0fd88814002f6d,261.1126403808594
e25200fdf361a66a4d653ead79b0980782599d9f,159.2169042863002
e26d45301db142fa6d638d8107b4eb80f9cd9fb5,157.85455322265625
e29d82777ff1d4d9517ce77a565d1f20ad9109ed,579.4917940847578
e2b86e2b7bf12290092a79a951fc820c8dd57bc6,261.7143507466806
e313884702372122329dde96a3f85ad2ce2c6c59,394.598388671875
e3218f4c7025fc51b38f6c3bdad3712407852229,232.57551017322774
e3943e72463136e12a58a619566752b39c7cbec2,286.0528051631954
e3989cde4aae81ad0947a04c78b1b945fc910b72,115.68473052978516
e3efac74bcdb9764bb40c4007c5f87333d35a402,187.0921173095703
e405266344fb53df126af9fe09419f8c49b2cb80,539.6065392647208
e423014380b814100b4b3c96c21a61a98c149397,268.46464896285846
e4252419cae20a16d2962beb0474177843fe85ab,185.24154663085938
e42a90a0e1a26abdda5a1df8b9f5e94a10ab3c85,541.1351230751736
e454b2ae6c5ebd0104d475bbed201ab719e519cc,321.2370300292969
e48f9c8c2739837fda3d42ea3e3e58598d40c47b,148.5216522216797
e4ba6c019866c79d03d1e1be7e49acc9453ccf99,254.73953875052393
e4e969721d39cddfa579b1f806b6e8435da1f655,218.46725463867188
e51d89ee0934f89daa4e710d6d058e50cf6d6a82,168.7976837158203
e526486e637178a026eaf3cdd285d74da19c468c,215.0393829345703
e57904c30bfe03048492a981b4f5b86199959460,209.14060974121094
e58da69636d4d6cdf9113a3b88022bd96db78054,355.05377197265625
e5cfadde577a818d031b0b8cc1ea654e64d31a4a,115.1590347290039
e5ecc53c67a6119e2f40a7d01fa715dbbffdf1a3,137.8155059814453
e6c886ab4b45aceb8372e0ff4568b6a369bf0d92,382.5450841349179
e756d6c279be556e10303dee655b3b6381df161b,57.72860478724983
e77b26e0dbf26eaf941a853cfe18e276fa06dec6,194.4742431640625
e79630dcafa946904812082e560f9e27feb949a9,172.9878691421017
e7b8de9174d5cf5d700783514cad512469c212d3,298.83184814453125
e8e3abc187db59ca65c07ba830a93d1d18d568d7,350.8043316612763
e91127a8554c36d7bc1e6a9d5a9ecfe96b285216,208.19769287109375
e93c9bb9aca8818fe4f5ac98a6f31d6ad30e819e,366.9636278535306
e9be24005794e6057fc482ec31d0d2bc21e98ed4,421.5679374785224
e9c4609ba199db1543d4f04d801f6f79eaa999d5,302.31488037109375
e9f85b702620d55fde91b5f609a8dcac6d543564,294.8499450683594
ea68a8dfc2af432fa9995659df2e1bc3b3c0415c,165.53537001037532
ea9202974652e55e75b22a3a1cf86742587eb368,122.22629051560057
eaa13ab7ddce28c31510e5eb5191bcaa76de7af4,261.687278468541
ead848c2ee50c496b0d7d67f726abc9c5aed3207,132.5070016895722
eafda445eb3424a25c0aa64767bb6962623dfa5c,268.18123223972833
eb2459ce78a533085155bd79769938d2e04d2447,215.59283447265625
eb4b63a3ca0b803a2d6d392476960e3e55031de4,144.52438354492188
eb905b0c211f7c81ee95abbdfecd19943ed497a9,207.79571077718015
ebe735616b1781f94137c67c7d304d4d46b3bf23,213.85922241210938
ebfdfcefeaa4148ec27eca02f529b896fe155f8f,246.9064022980534
eca3dc252aac948649a6705643262093beb26336,187.58316311587186
ecd0883f549069d5a9ad09ec65c336a640ce44af,240.91787719726562
ed3e44cf8825bd6bd8e245ae32296bff5984aa48,188.568359375
ed725965760ec8e92fe31753b3e7d1811ae03d2d,105.29894151213523
ed84950a812aeacbea957a14cbb4164f485921b5,134.83413696289062
edcdf6c249486f992de4eab95e4ec8edd8a3d291,376.73687744140625
ee4f263a4d96c4e86e6866ed2fa9411a5d747b07,243.47519877204329
ee5927049edebefed034b5678fbb60678d8ad93c,330.6642761230469
ef9ea00c3c9cfed6a3fa526bc311bdf8e847eaf8,119.39927725620412
efe6534cd7ff125e43c44de73d496166fc80a20a,219.3089599609375
f006b67e6b2b2c811baf7a5e69c36e002ce02adc,197.48580932617188
f07b41156ca170c7f046cea60fc322c650989a1e,154.4343719482422
f07c5c8b44841cd0b4b570ee962b8fd7ba2e3bc4,401.5861651337585
f0db9beb2663252618d3de83802ba0916fd10345,251.18701171875
f1423a5128293dcef8634ed1b0255d5ca6ec49b7,543.20697021484375
f155ce65b367666db95f0c9b1c27ebe0605bf6c4,624.5369873046875
f169028423937dadc0c6fc19ee3867f181e518fb,123.43717956542969
f191a50c001c115aab10e7990f715eb2dda9ea8b,501.99932861328125
f1bb26b57f354018a128ef2d454382c4cd65960d,304.7798292306585
f1e457b5b5865dd7bbcbe0a933632dec59c0f61c,232.76458740234375
f1f7a3feb07f52a299616a306a2374428a60b9d4,138.46036755649473
f2309dfcf90a974cdeb152b2de025aba3c76df17,700.45947265625
f2456960a50139c4374f31e3865451c637644728,459.4776916503906
f2e2aeca7021a1f15c51eae499bd483fad713eaa,595.5565185546875
f2ec743cb62f5b9bcaa72bd6a5b7b0072cca96a5,172.78352161266113
f32823328db49137389a1d19d0fcfdf8ff3186d0,263.84423828125
f37bc44d1983a18431f0e7fd58c013d0b7a638c5,161.66732387869865
f38e4748144bb5c7450174f0fc94c83f912a5372,497.88587392865657
f3c630ebe41ac25d09598aa8d2038cccc4868f93,533.6402212818945
f3d37c982ea714cf89bab21a61e1dfde7bbc0305,277.1440373474143
f4376d857342ed8e25960235e8b2dc6185aca904,211.81668090820312
f45a343c921f20987a7a87953beea851509405aa,565.408935546875
f48c078f81d0ec2d13652239064709870621c5bc,333.9076984141418
f48dd56e652f36100c831b14c7761c94e2a097b0,124.92077618626952
f4d4a36c6b6648bef8169a0283096680fc1a5de7,436.01399867518734
f4ff0cf8f05cd41bad7f6f734c518f2404c7725a,132.4053497314453
f519c59c8531db09e24f5106365de01febc08b44,511.3068344523374
f520169b688bef43a04467c83c70597e247e2da3,331.9022113046477
f53eda7392de8ab6de38e9bca9b8aad894320ab9,53.8441416422526
f56d7b028b79e76037ca74a83641cacb1fac02ba,413.82330322265625
f5a81b8b5f85ece95ef32c17c812ac878b2d0d8b,358.18403832382063
f61d04de319259ced1f7ad9071c8a46052f3c6bf,137.19329833984375
f639d39ce0987e43f6c9b93bced9a3c918b9bdf9,261.0624132644532
f65d6d417a0f0e29d63de0e0b55479aa193419f7,435.9631766458515
f675b57f29ae4fbd1bb925856f608dc46c4ffca7,225.27932739257812
f695cd7b75d02a7f147aca5cd794c63b33107ca7,431.7433443506885
f6a7de4f155d53a6d4bdcb1c22b94f37b8edf5c1,177.7942657470703
f6aa4ab730d02f7295d3c4182ad191b5f92da4c1,249.8051300048828
f6e83e96f0a2019c0a8a8df02534e83d8cbe2c28,560.5363939044616
f7002117ef96e50fc22b0404cd72b5e495b3ac4d,109.01729583740234
f79cf1f3d100e5f34d86ce2cd4c8c35ca3daee77,578.2629439127918
f8531db48ef485c8976f712a83ed5a2a426d2b96,197.42401176355588
f87b2fecda13f6b91d12944c321c1806e31aee73,158.0048306457139
f897964ed612278cfbef65aaa4a713f5e747d7ed,332.0542502064517
f8adce2d7df9a4417b85cf9a745b837a17aca532,155.98017009732882
f8b0239fce27c1311c3b48af9405ddf5abbe8de9,198.6253662109375
f8c628afc5a0bcc09c78de315be28c8fb0d2b586,417.5168123533336
f8f1873903bbc7192c61739437c768d39b5bbf50,530.181884765625
f91d55f27ef319a0939c62926cc821d10fbc0845,451.5658264160156
fa024bd05ae46a00b122ece10199c6cb2b0efbfe,542.3833566629312
fa3e8eaf33094acd8695929a324a43956446ff27,275.4678170046886
fa53216f8212cb607a6129cb4ebc0b668a680b8f,83.17938995361328
fa9c5a61fd58a93ae43a0c336c0968619321caf3,609.890477104585
fa9c99ce9acb5fd5971e8fb834d745a33b714f76,550.7807567354702
fad331a3643e0f975f041aa16e18b72a99417688,165.68226474118163
faebeb39afd5dd26f5afd5cef11d5780b8a8d04e,311.67743243039234
fb00d0f62df7e9b3b2a12745896515f4f1fe27f2,120.99050903320312
fb700ef074fe19c9c4328e120dd91c7b03c044cc,122.45085906982422
fba7d820b64daa672b0cce3b4898c6664aebc8e2,95.5383071899414
fce5b0d7bb7b7bf983f18c1cab18d5e96f6ff024,219.1839141845703
fd196d255a75d336afcb350c92545843d7ba9757,484.5621643066406
fdc8ed4157388a37b3cd5128343e4b5e22b41282,186.013427734375
fddbf98f72e3a7fed3608a6508e0535ae466c430,162.3634490966797
fe0ed8c9737fc8fecc09ca479657e87bd5378906,402.3600054879184
fe13b1b0ff9b8a5fbba957c84c808e78024873c2,160.5410919189453
fe549244512331e1229c839e863d83a3638b1bbd,199.54199829477253
fe6eac0778f476c3f1ffe6a1fd637f077573e077,478.487866105317
fe80da2e964fa0782b5d30725105f59444a90261,288.4615715974095
ff3b7d21e60c24b6e926e3ffc3fbeb78cc9e4057,266.6590881347656
ff6a1ab20dddd786a6d449658d8efdfe075cc3f2,214.54666374892582
ffa57541bf6d7030fdf7206f4aa0141a2c918647,525.40289306640625
